[
  {
    "context": "VimControl && !menu",
    "bindings": {
      "i": ["vim::PushObject", { "around": false }],
      "a": ["vim::PushObject", { "around": true }],
      "left": "vim::Left",
      "h": "vim::Left",
      "backspace": "vim::WrappingLeft",
      "down": "vim::Down",
      "ctrl-j": "vim::Down",
      "j": "vim::Down",
      "ctrl-m": "vim::NextLineStart",
      "+": "vim::NextLineStart",
      "enter": "vim::NextLineStart",
      "-": "vim::PreviousLineStart",
      "shift-tab": "vim::Tab",
      "tab": "vim::Tab",
      "up": "vim::Up",
      "k": "vim::Up",
      "right": "vim::Right",
      "l": "vim::Right",
      "space": "vim::WrappingRight",
      "end": "vim::EndOfLine",
      "$": "vim::EndOfLine",
      "^": "vim::FirstNonWhitespace",
      "_": "vim::StartOfLineDownward",
      "g _": "vim::EndOfLineDownward",
      "shift-g": "vim::EndOfDocument",
      "{": "vim::StartOfParagraph",
      "}": "vim::EndOfParagraph",
      "(": "vim::SentenceBackward",
      ")": "vim::SentenceForward",
      "|": "vim::GoToColumn",
      "] ]": "vim::NextSectionStart",
      "] [": "vim::NextSectionEnd",
      "[ [": "vim::PreviousSectionStart",
      "[ ]": "vim::PreviousSectionEnd",
      "] m": "vim::NextMethodStart",
      "] shift-m": "vim::NextMethodEnd",
      "[ m": "vim::PreviousMethodStart",
      "[ shift-m": "vim::PreviousMethodEnd",
      "[ *": "vim::PreviousComment",
      "[ /": "vim::PreviousComment",
      "] *": "vim::NextComment",
      "] /": "vim::NextComment",
      "[ -": "vim::PreviousLesserIndent",
      "[ +": "vim::PreviousGreaterIndent",
      "[ =": "vim::PreviousSameIndent",
      "] -": "vim::NextLesserIndent",
      "] +": "vim::NextGreaterIndent",
      "] =": "vim::NextSameIndent",
      "] b": "pane::ActivateNextItem",
      "[ b": "pane::ActivatePreviousItem",
      "] shift-b": "pane::ActivateLastItem",
      "[ shift-b": ["pane::ActivateItem", 0],
      "] space": "vim::InsertEmptyLineBelow",
      "[ space": "vim::InsertEmptyLineAbove",
      "[ e": "editor::MoveLineUp",
      "] e": "editor::MoveLineDown",
      "[ f": "workspace::FollowNextCollaborator",
      "] f": "workspace::FollowNextCollaborator",

      // Word motions
      "w": "vim::NextWordStart",
      "e": "vim::NextWordEnd",
      "b": "vim::PreviousWordStart",
      "g e": "vim::PreviousWordEnd",
      // Subword motions
      // "w": "vim::NextSubwordStart",
      // "b": "vim::PreviousSubwordStart",
      // "e": "vim::NextSubwordEnd",
      // "g e": "vim::PreviousSubwordEnd",
      "shift-w": ["vim::NextWordStart", { "ignore_punctuation": true }],
      "shift-e": ["vim::NextWordEnd", { "ignore_punctuation": true }],
      "shift-b": ["vim::PreviousWordStart", { "ignore_punctuation": true }],
      "g shift-e": ["vim::PreviousWordEnd", { "ignore_punctuation": true }],
      "/": "vim::Search",
      "g /": "pane::DeploySearch",
      "?": ["vim::Search", { "backwards": true }],
      "*": "vim::MoveToNext",
      "#": "vim::MoveToPrevious",
      "n": "vim::MoveToNextMatch",
      "shift-n": "vim::MoveToPreviousMatch",
      "%": "vim::Matching",
      "] }": ["vim::UnmatchedForward", { "char": "}" }],
      "[ {": ["vim::UnmatchedBackward", { "char": "{" }],
      "] )": ["vim::UnmatchedForward", { "char": ")" }],
      "[ (": ["vim::UnmatchedBackward", { "char": "(" }],
      "f": ["vim::PushFindForward", { "before": false, "multiline": false }],
      "t": ["vim::PushFindForward", { "before": true, "multiline": false }],
      "shift-f": ["vim::PushFindBackward", { "after": false, "multiline": false }],
      "shift-t": ["vim::PushFindBackward", { "after": true, "multiline": false }],
      "m": "vim::PushMark",
      "'": ["vim::PushJump", { "line": true }],
      "`": ["vim::PushJump", { "line": false }],
      ";": "vim::RepeatFind",
      ",": "vim::RepeatFindReversed",
      "ctrl-o": "pane::GoBack",
      "ctrl-i": "pane::GoForward",
      "ctrl-]": "editor::GoToDefinition",
      "escape": "vim::SwitchToNormalMode",
      "ctrl-[": "vim::SwitchToNormalMode",
      "v": "vim::ToggleVisual",
      "shift-v": "vim::ToggleVisualLine",
      "ctrl-g": "vim::ShowLocation",
      "ctrl-v": "vim::ToggleVisualBlock",
      "ctrl-q": "vim::ToggleVisualBlock",
      "shift-k": "editor::Hover",
      "shift-r": "vim::ToggleReplace",
      "0": "vim::StartOfLine",
      "home": "vim::StartOfLine",
      "ctrl-f": "vim::PageDown",
      "pagedown": "vim::PageDown",
      "ctrl-b": "vim::PageUp",
      "pageup": "vim::PageUp",
      "ctrl-d": "vim::ScrollDown",
      "ctrl-u": "vim::ScrollUp",
      "ctrl-e": "vim::LineDown",
      "ctrl-y": "vim::LineUp",
      // "g" commands
      "g shift-r": "vim::PushReplaceWithRegister",
      "g r n": "editor::Rename",
      "g r r": "editor::FindAllReferences",
      "g r i": "editor::GoToImplementation",
      "g r a": "editor::ToggleCodeActions",
      "g g": "vim::StartOfDocument",
      "g h": "editor::Hover",
      "g B": "editor::BlameHover",
      "g t": "pane::ActivateNextItem",
      "g shift-t": "pane::ActivatePreviousItem",
      "g d": "editor::GoToDefinition",
      "g shift-d": "editor::GoToDeclaration",
      "g y": "editor::GoToTypeDefinition",
      "g shift-i": "editor::GoToImplementation",
      "g x": "editor::OpenUrl",
      "g f": "editor::OpenSelectedFilename",
      "g n": "vim::SelectNextMatch",
      "g shift-n": "vim::SelectPreviousMatch",
      "g l": "vim::SelectNext",
      "g shift-l": "vim::SelectPrevious",
      "g >": ["editor::SelectNext", { "replace_newest": true }],
      "g <": ["editor::SelectPrevious", { "replace_newest": true }],
      "g a": "editor::SelectAllMatches",
      "g s": "outline::Toggle",
      "g shift-o": "outline::Toggle",
      "g shift-s": "project_symbols::Toggle",
      "g .": "editor::ToggleCodeActions", // zed specific
      "g shift-a": "editor::FindAllReferences", // zed specific
      "g space": "editor::OpenExcerpts", // zed specific
      "g *": ["vim::MoveToNext", { "partial_word": true }],
      "g #": ["vim::MoveToPrevious", { "partial_word": true }],
      "g j": ["vim::Down", { "display_lines": true }],
      "g down": ["vim::Down", { "display_lines": true }],
      "g k": ["vim::Up", { "display_lines": true }],
      "g up": ["vim::Up", { "display_lines": true }],
      "g $": ["vim::EndOfLine", { "display_lines": true }],
      "g end": ["vim::EndOfLine", { "display_lines": true }],
      "g 0": ["vim::StartOfLine", { "display_lines": true }],
      "g home": ["vim::StartOfLine", { "display_lines": true }],
      "g shift-m": ["vim::MiddleOfLine", { "display_lines": true }],
      "g ^": ["vim::FirstNonWhitespace", { "display_lines": true }],
      "g v": "vim::RestoreVisualSelection",
      "g ]": "editor::GoToDiagnostic",
      "g [": "editor::GoToPreviousDiagnostic",
      "g i": "vim::InsertAtPrevious",
      "g ,": "vim::ChangeListNewer",
      "g ;": "vim::ChangeListOlder",
      "shift-h": "vim::WindowTop",
      "shift-m": "vim::WindowMiddle",
      "shift-l": "vim::WindowBottom",
      "q": "vim::ToggleRecord",
      "shift-q": "vim::ReplayLastRecording",
      "@": "vim::PushReplayRegister",
      // z commands
      "z enter": ["workspace::SendKeystrokes", "z t ^"],
      "z -": ["workspace::SendKeystrokes", "z b ^"],
      "z ^": ["workspace::SendKeystrokes", "shift-h k z b ^"],
      "z +": ["workspace::SendKeystrokes", "shift-l j z t ^"],
      "z t": "editor::ScrollCursorTop",
      "z z": "editor::ScrollCursorCenter",
      "z .": ["workspace::SendKeystrokes", "z z ^"],
      "z b": "editor::ScrollCursorBottom",
      "z a": "editor::ToggleFold",
      "z shift-a": "editor::ToggleFoldRecursive",
      "z c": "editor::Fold",
      "z shift-c": "editor::FoldRecursive",
      "z o": "editor::UnfoldLines",
      "z shift-o": "editor::UnfoldRecursive",
      "z f": "editor::FoldSelectedRanges",
      "z shift-m": "editor::FoldAll",
      "z shift-r": "editor::UnfoldAll",
      "z l": "vim::ColumnRight",
      "z h": "vim::ColumnLeft",
      "z shift-l": "vim::HalfPageRight",
      "z shift-h": "vim::HalfPageLeft",
      "shift-z shift-q": ["pane::CloseActiveItem", { "save_intent": "skip" }],
      "shift-z shift-z": ["pane::CloseActiveItem", { "save_intent": "save_all" }],
      // Count support
      "1": ["vim::Number", 1],
      "2": ["vim::Number", 2],
      "3": ["vim::Number", 3],
      "4": ["vim::Number", 4],
      "5": ["vim::Number", 5],
      "6": ["vim::Number", 6],
      "7": ["vim::Number", 7],
      "8": ["vim::Number", 8],
      "9": ["vim::Number", 9],
      "ctrl-w d": "editor::GoToDefinitionSplit",
      "ctrl-w g d": "editor::GoToDefinitionSplit",
      "ctrl-w ]": "editor::GoToDefinitionSplit",
      "ctrl-w ctrl-]": "editor::GoToDefinitionSplit",
      "ctrl-w shift-d": "editor::GoToTypeDefinitionSplit",
      "ctrl-w g shift-d": "editor::GoToTypeDefinitionSplit",
      "ctrl-w space": "editor::OpenExcerptsSplit",
      "ctrl-w g space": "editor::OpenExcerptsSplit",
      "ctrl-6": "pane::AlternateFile",
      "ctrl-^": "pane::AlternateFile",
      ".": "vim::Repeat"
    }
  },
  {
    "context": "vim_mode == normal",
    "bindings": {
      "i": "vim::InsertBefore",
      "a": "vim::InsertAfter",
      "ctrl-[": "editor::Cancel",
      ":": "command_palette::Toggle",
      "c": "vim::PushChange",
      "shift-c": "vim::ChangeToEndOfLine",
      "d": "vim::PushDelete",
      "delete": "vim::DeleteRight",
      "g shift-j": "vim::JoinLinesNoWhitespace",
      "y": "vim::PushYank",
      "x": "vim::DeleteRight",
      "shift-x": "vim::DeleteLeft",
      "ctrl-a": "vim::Increment",
      "ctrl-x": "vim::Decrement",
      "ctrl-r": "vim::Redo",
      ">": "vim::PushIndent",
      "<": "vim::PushOutdent",
      "=": "vim::PushAutoIndent",
      "!": "vim::PushShellCommand",
      "g u": "vim::PushLowercase",
      "g shift-u": "vim::PushUppercase",
      "g ~": "vim::PushOppositeCase",
      "g ?": "vim::PushRot13",
      // "g ?": "vim::PushRot47",
      "g w": "vim::PushRewrap",
      "g q": "vim::PushRewrap",
      "insert": "vim::InsertBefore",
      // tree-sitter related commands
      "[ x": "vim::SelectLargerSyntaxNode",
      "] x": "vim::SelectSmallerSyntaxNode",
      "] d": "editor::GoToDiagnostic",
      "[ d": "editor::GoToPreviousDiagnostic",
      "] c": "editor::GoToHunk",
      "[ c": "editor::GoToPreviousHunk",
      "g c": "vim::PushToggleComments"
    }
  },
  {
    "context": "VimControl && VimCount",
    "bindings": {
      "0": ["vim::Number", 0],
      ":": "vim::CountCommand",
      "%": "vim::GoToPercentage"
    }
  },
  {
    "context": "vim_mode == visual",
    "bindings": {
      ":": "vim::VisualCommand",
      "u": "vim::ConvertToLowerCase",
      "shift-u": "vim::ConvertToUpperCase",
      "shift-o": "vim::OtherEnd",
      "o": "vim::OtherEndRowAware",
      "d": "vim::VisualDelete",
      "x": "vim::VisualDelete",
      "delete": "vim::VisualDelete",
      "shift-d": "vim::VisualDeleteLine",
      "shift-x": "vim::VisualDeleteLine",
      "y": "vim::VisualYank",
      "shift-y": "vim::VisualYankLine",
      "p": "vim::Paste",
      "shift-p": ["vim::Paste", { "preserve_clipboard": true }],
      "c": "vim::Substitute",
      "s": "vim::Substitute",
      "shift-r": "vim::SubstituteLine",
      "shift-s": "vim::SubstituteLine",
      "~": "vim::ChangeCase",
      "*": ["vim::MoveToNext", { "partial_word": true }],
      "#": ["vim::MoveToPrevious", { "partial_word": true }],
      "ctrl-a": "vim::Increment",
      "ctrl-x": "vim::Decrement",
      "g ctrl-a": ["vim::Increment", { "step": true }],
      "g ctrl-x": ["vim::Decrement", { "step": true }],
      "shift-i": "vim::InsertBefore",
      "shift-a": "vim::InsertAfter",
      "g shift-i": "vim::VisualInsertFirstNonWhiteSpace",
      "g shift-a": "vim::VisualInsertEndOfLine",
      "shift-j": "vim::JoinLines",
      "g shift-j": "vim::JoinLinesNoWhitespace",
      "r": "vim::PushReplace",
      "ctrl-c": "vim::SwitchToNormalMode",
      "ctrl-[": "vim::SwitchToNormalMode",
      "escape": "vim::SwitchToNormalMode",
      ">": "vim::Indent",
      "<": "vim::Outdent",
      "=": "vim::AutoIndent",
      "!": "vim::ShellCommand",
      "i": ["vim::PushObject", { "around": false }],
      "a": ["vim::PushObject", { "around": true }],
      "g shift-r": ["vim::Paste", { "preserve_clipboard": true }],
      "g c": "vim::ToggleComments",
      "g q": "vim::Rewrap",
      "g w": "vim::Rewrap",
      "g ?": "vim::ConvertToRot13",
      // "g ?": "vim::ConvertToRot47",
      "\"": "vim::PushRegister",
      // tree-sitter related commands
      "[ x": "editor::SelectLargerSyntaxNode",
      "] x": "editor::SelectSmallerSyntaxNode"
    }
  },
  {
    "context": "vim_mode == insert",
    "bindings": {
      "ctrl-c": "vim::NormalBefore",
      "ctrl-[": "vim::NormalBefore",
      "escape": "vim::NormalBefore",
      "ctrl-x": null,
      "ctrl-x ctrl-o": "editor::ShowCompletions",
      "ctrl-x ctrl-a": "assistant::InlineAssist", // zed specific
      "ctrl-x ctrl-c": "editor::ShowEditPrediction", // zed specific
      "ctrl-x ctrl-l": "editor::ToggleCodeActions", // zed specific
      "ctrl-x ctrl-z": "editor::Cancel",
      "ctrl-x ctrl-e": "vim::LineDown",
      "ctrl-x ctrl-y": "vim::LineUp",
      "ctrl-w": "editor::DeleteToPreviousWordStart",
      "ctrl-u": "editor::DeleteToBeginningOfLine",
      "ctrl-t": "vim::Indent",
      "ctrl-d": "vim::Outdent",
      "ctrl-y": "vim::InsertFromAbove",
      "ctrl-e": "vim::InsertFromBelow",
      "ctrl-k": ["vim::PushDigraph", {}],
      "ctrl-v": ["vim::PushLiteral", {}],
      "ctrl-shift-v": "editor::Paste", // note: this is *very* similar to ctrl-v in vim, but ctrl-shift-v on linux is the typical shortcut for paste when ctrl-v is already in use.
      "ctrl-q": ["vim::PushLiteral", {}],
      "ctrl-shift-q": ["vim::PushLiteral", {}],
      "ctrl-r": "vim::PushRegister",
      "insert": "vim::ToggleReplace",
      "ctrl-o": "vim::TemporaryNormal",
      "ctrl-s": "editor::ShowSignatureHelp"
    }
  },
  {
    "context": "(vim_mode == normal || vim_mode == helix_normal) && !menu",
    "bindings": {
      "escape": "editor::Cancel",
      "shift-d": "vim::DeleteToEndOfLine",
      "shift-j": "vim::JoinLines",
      "shift-y": "vim::YankLine",
      "shift-i": "vim::InsertFirstNonWhitespace",
      "shift-a": "vim::InsertEndOfLine",
      "o": "vim::InsertLineBelow",
      "shift-o": "vim::InsertLineAbove",
      "~": "vim::ChangeCase",
      "ctrl-a": "vim::Increment",
      "ctrl-x": "vim::Decrement",
      "p": "vim::Paste",
      "shift-p": ["vim::Paste", { "before": true }],
      "u": "vim::Undo",
      "shift-u": "vim::UndoLastLine",
      "r": "vim::PushReplace",
      "s": "vim::Substitute",
      "shift-s": "vim::SubstituteLine",
      "\"": "vim::PushRegister",
      "ctrl-pagedown": "pane::ActivateNextItem",
      "ctrl-pageup": "pane::ActivatePreviousItem"
    }
  },
  {
    "context": "vim_mode == helix_normal && !menu",
    "bindings": {
      "i": "vim::HelixInsert",
      "a": "vim::HelixAppend",
      "ctrl-[": "editor::Cancel",
      ";": "vim::HelixCollapseSelection",
      ":": "command_palette::Toggle",
      "left": "vim::WrappingLeft",
      "right": "vim::WrappingRight",
      "h": "vim::WrappingLeft",
      "l": "vim::WrappingRight",
      "y": "vim::HelixYank",
      "alt-;": "vim::OtherEnd",
      "ctrl-r": "vim::Redo",
      "f": ["vim::PushFindForward", { "before": false, "multiline": true }],
      "t": ["vim::PushFindForward", { "before": true, "multiline": true }],
      "shift-f": ["vim::PushFindBackward", { "after": false, "multiline": true }],
      "shift-t": ["vim::PushFindBackward", { "after": true, "multiline": true }],
      ">": "vim::Indent",
      "<": "vim::Outdent",
      "=": "vim::AutoIndent",
      "g u": "vim::PushLowercase",
      "g shift-u": "vim::PushUppercase",
      "g ~": "vim::PushOppositeCase",
      "g q": "vim::PushRewrap",
      "g w": "vim::PushRewrap",
      "insert": "vim::InsertBefore",
      "alt-.": "vim::RepeatFind",
      "alt-s": ["editor::SplitSelectionIntoLines", { "keep_selections": true }],
      // tree-sitter related commands
      "[ x": "editor::SelectLargerSyntaxNode",
      "] x": "editor::SelectSmallerSyntaxNode",
      "] d": "editor::GoToDiagnostic",
      "[ d": "editor::GoToPreviousDiagnostic",
      "] c": "editor::GoToHunk",
      "[ c": "editor::GoToPreviousHunk",
      // Goto mode
      "g n": "pane::ActivateNextItem",
      "g p": "pane::ActivatePreviousItem",
      // "tab": "pane::ActivateNextItem",
      // "shift-tab": "pane::ActivatePrevItem",
      "shift-h": "pane::ActivatePreviousItem",
      "shift-l": "pane::ActivateNextItem",
      "g l": "vim::EndOfLine",
      "g h": "vim::StartOfLine",
      "g s": "vim::FirstNonWhitespace", // "g s" default behavior is "space s"
      "g e": "vim::EndOfDocument",
      "g r": "editor::FindAllReferences", // zed specific
      "g t": "vim::WindowTop",
      "g c": "vim::WindowMiddle",
      "g b": "vim::WindowBottom",

      "x": "editor::SelectLine",
      "shift-x": "editor::SelectLine",
      "%": "editor::SelectAll",
      // Window mode
      "space w h": "workspace::ActivatePaneLeft",
      "space w l": "workspace::ActivatePaneRight",
      "space w k": "workspace::ActivatePaneUp",
      "space w j": "workspace::ActivatePaneDown",
      "space w q": "pane::CloseActiveItem",
      "space w s": "pane::SplitRight",
      "space w r": "pane::SplitRight",
      "space w v": "pane::SplitDown",
      "space w d": "pane::SplitDown",
      // Space mode
      "space f": "file_finder::Toggle",
      "space k": "editor::Hover",
      "space s": "outline::Toggle",
      "space shift-s": "project_symbols::Toggle",
      "space d": "editor::GoToDiagnostic",
      "space r": "editor::Rename",
      "space a": "editor::ToggleCodeActions",
      "space h": "editor::SelectAllMatches",
      "space c": "editor::ToggleComments",
      "space y": "editor::Copy",
      "space p": "editor::Paste",
      // Match mode
      "m m": "vim::Matching",
      "m i w": ["workspace::SendKeystrokes", "v i w"],
      "shift-u": "editor::Redo",
      "ctrl-c": "editor::ToggleComments",
      "d": "vim::HelixDelete",
      "c": "vim::Substitute",
      "shift-c": "editor::AddSelectionBelow",
      "alt-shift-c": "editor::AddSelectionAbove"
    }
  },
  {
    "context": "vim_mode == insert && !(showing_code_actions || showing_completions)",
    "bindings": {
      "ctrl-p": "editor::ShowWordCompletions",
      "ctrl-n": "editor::ShowWordCompletions"
    }
  },
  {
    "context": "(vim_mode == insert || vim_mode == normal) && showing_signature_help && !showing_completions",
    "bindings": {
      "ctrl-p": "editor::SignatureHelpPrevious",
      "ctrl-n": "editor::SignatureHelpNext"
    }
  },
  {
    "context": "vim_mode == replace",
    "bindings": {
      "ctrl-c": "vim::NormalBefore",
      "ctrl-[": "vim::NormalBefore",
      "escape": "vim::NormalBefore",
      "ctrl-k": ["vim::PushDigraph", {}],
      "ctrl-v": ["vim::PushLiteral", {}],
      "ctrl-shift-v": "editor::Paste", // note: this is *very* similar to ctrl-v in vim, but ctrl-shift-v on linux is the typical shortcut for paste when ctrl-v is already in use.
      "ctrl-q": ["vim::PushLiteral", {}],
      "ctrl-shift-q": ["vim::PushLiteral", {}],
      "backspace": "vim::UndoReplace",
      "tab": "vim::Tab",
      "enter": "vim::Enter",
      "insert": "vim::InsertBefore"
    }
  },
  {
    "context": "vim_mode == waiting",
    "bindings": {
      "tab": "vim::Tab",
      "enter": "vim::Enter",
      "ctrl-c": "vim::ClearOperators",
      "ctrl-[": "vim::ClearOperators",
      "escape": "vim::ClearOperators",
      "ctrl-k": ["vim::PushDigraph", {}],
      "ctrl-v": ["vim::PushLiteral", {}],
      "ctrl-q": ["vim::PushLiteral", {}]
    }
  },
  {
    "context": "Editor && vim_mode == waiting && (vim_operator == ys || vim_operator == cs)",
    "bindings": {
      "escape": "vim::SwitchToNormalMode"
    }
  },
  {
    "context": "vim_mode == operator",
    "bindings": {
      "ctrl-c": "vim::ClearOperators",
      "ctrl-[": "vim::ClearOperators",
      "escape": "vim::ClearOperators",
      "g c": "vim::Comment"
    }
  },
  {
    "context": "vim_operator == a || vim_operator == i || vim_operator == cs",
    "bindings": {
      "w": "vim::Word",
      "shift-w": ["vim::Word", { "ignore_punctuation": true }],
      // Subword TextObject
      // "w": "vim::Subword",
      // "shift-w": ["vim::Subword", { "ignore_punctuation": true }],
      "t": "vim::Tag",
      "s": "vim::Sentence",
      "p": "vim::Paragraph",
      "'": "vim::Quotes",
      "`": "vim::BackQuotes",
      "\"": "vim::DoubleQuotes",
      // "q": "vim::AnyQuotes",
      "q": "vim::MiniQuotes",
      "|": "vim::VerticalBars",
      "(": "vim::Parentheses",
      ")": "vim::Parentheses",
      "b": "vim::Parentheses",
      // "b": "vim::AnyBrackets",
      // "b": "vim::MiniBrackets",
      "[": "vim::SquareBrackets",
      "]": "vim::SquareBrackets",
      "r": "vim::SquareBrackets",
      "{": "vim::CurlyBrackets",
      "}": "vim::CurlyBrackets",
      "shift-b": "vim::CurlyBrackets",
      "<": "vim::AngleBrackets",
      ">": "vim::AngleBrackets",
      "a": "vim::Argument",
      "i": "vim::IndentObj",
      "shift-i": ["vim::IndentObj", { "include_below": true }],
      "f": "vim::Method",
      "c": "vim::Class",
      "e": "vim::EntireFile"
    }
  },
  {
    "context": "vim_operator == c",
    "bindings": {
      "c": "vim::CurrentLine",
      "x": "vim::Exchange",
      "d": "editor::Rename", // zed specific
      "s": ["vim::PushChangeSurrounds", {}]
    }
  },
  {
    "context": "vim_operator == d",
    "bindings": {
      "d": "vim::CurrentLine",
      "s": "vim::PushDeleteSurrounds",
      "v": "vim::PushForcedMotion", // "d v"
      "o": "editor::ToggleSelectedDiffHunks", // "d o"
      "shift-o": "git::ToggleStaged",
      "p": "git::Restore", // "d p"
      "u": "git::StageAndNext", // "d u"
      "shift-u": "git::UnstageAndNext" // "d shift-u"
    }
  },
  {
    "context": "vim_operator == gu",
    "bindings": {
      "g u": "vim::CurrentLine",
      "u": "vim::CurrentLine"
    }
  },
  {
    "context": "vim_operator == gU",
    "bindings": {
      "g shift-u": "vim::CurrentLine",
      "shift-u": "vim::CurrentLine"
    }
  },
  {
    "context": "vim_operator == g~",
    "bindings": {
      "g ~": "vim::CurrentLine",
      "~": "vim::CurrentLine"
    }
  },
  {
    "context": "vim_operator == g?",
    "bindings": {
      "g ?": "vim::CurrentLine",
      "?": "vim::CurrentLine"
    }
  },
  {
    "context": "vim_operator == gq",
    "bindings": {
      "g q": "vim::CurrentLine",
      "q": "vim::CurrentLine",
      "g w": "vim::CurrentLine",
      "w": "vim::CurrentLine"
    }
  },
  {
    "context": "vim_operator == y",
    "bindings": {
      "y": "vim::CurrentLine",
      "v": "vim::PushForcedMotion",
      "s": ["vim::PushAddSurrounds", {}]
    }
  },
  {
    "context": "vim_operator == ys",
    "bindings": {
      "s": "vim::CurrentLine"
    }
  },
  {
    "context": "vim_operator == >",
    "bindings": {
      ">": "vim::CurrentLine"
    }
  },
  {
    "context": "vim_operator == <",
    "bindings": {
      "<": "vim::CurrentLine"
    }
  },
  {
    "context": "vim_operator == eq",
    "bindings": {
      "=": "vim::CurrentLine"
    }
  },
  {
    "context": "vim_operator == sh",
    "bindings": {
      "!": "vim::CurrentLine"
    }
  },
  {
    "context": "vim_operator == gc",
    "bindings": {
      "c": "vim::CurrentLine"
    }
  },
  {
    "context": "vim_operator == gR",
    "bindings": {
      "r": "vim::CurrentLine",
      "shift-r": "vim::CurrentLine"
    }
  },
  {
    "context": "vim_operator == cx",
    "bindings": {
      "x": "vim::CurrentLine",
      "c": "vim::ClearExchange"
    }
  },
  {
    "context": "vim_mode == literal",
    "bindings": {
      "ctrl-@": ["vim::Literal", ["ctrl-@", "\u0000"]],
      "ctrl-a": ["vim::Literal", ["ctrl-a", "\u0001"]],
      "ctrl-b": ["vim::Literal", ["ctrl-b", "\u0002"]],
      "ctrl-c": ["vim::Literal", ["ctrl-c", "\u0003"]],
      "ctrl-d": ["vim::Literal", ["ctrl-d", "\u0004"]],
      "ctrl-e": ["vim::Literal", ["ctrl-e", "\u0005"]],
      "ctrl-f": ["vim::Literal", ["ctrl-f", "\u0006"]],
      "ctrl-g": ["vim::Literal", ["ctrl-g", "\u0007"]],
      "ctrl-h": ["vim::Literal", ["ctrl-h", "\u0008"]],
      "ctrl-i": ["vim::Literal", ["ctrl-i", "\u0009"]],
      "ctrl-j": ["vim::Literal", ["ctrl-j", "\u000A"]],
      "ctrl-k": ["vim::Literal", ["ctrl-k", "\u000B"]],
      "ctrl-l": ["vim::Literal", ["ctrl-l", "\u000C"]],
      "ctrl-m": ["vim::Literal", ["ctrl-m", "\u000D"]],
      "ctrl-n": ["vim::Literal", ["ctrl-n", "\u000E"]],
      "ctrl-o": ["vim::Literal", ["ctrl-o", "\u000F"]],
      "ctrl-p": ["vim::Literal", ["ctrl-p", "\u0010"]],
      "ctrl-q": ["vim::Literal", ["ctrl-q", "\u0011"]],
      "ctrl-r": ["vim::Literal", ["ctrl-r", "\u0012"]],
      "ctrl-s": ["vim::Literal", ["ctrl-s", "\u0013"]],
      "ctrl-t": ["vim::Literal", ["ctrl-t", "\u0014"]],
      "ctrl-u": ["vim::Literal", ["ctrl-u", "\u0015"]],
      "ctrl-v": ["vim::Literal", ["ctrl-v", "\u0016"]],
      "ctrl-w": ["vim::Literal", ["ctrl-w", "\u0017"]],
      "ctrl-x": ["vim::Literal", ["ctrl-x", "\u0018"]],
      "ctrl-y": ["vim::Literal", ["ctrl-y", "\u0019"]],
      "ctrl-z": ["vim::Literal", ["ctrl-z", "\u001A"]],
      "ctrl-[": ["vim::Literal", ["ctrl-[", "\u001B"]],
      "ctrl-\\": ["vim::Literal", ["ctrl-\\", "\u001C"]],
      "ctrl-]": ["vim::Literal", ["ctrl-]", "\u001D"]],
      "ctrl-^": ["vim::Literal", ["ctrl-^", "\u001E"]],
      "ctrl-_": ["vim::Literal", ["ctrl-_", "\u001F"]],
      "escape": ["vim::Literal", ["escape", "\u001B"]],
      "enter": ["vim::Literal", ["enter", "\u000D"]],
      "tab": ["vim::Literal", ["tab", "\u0009"]],
      // zed extensions:
      "backspace": ["vim::Literal", ["backspace", "\u0008"]],
      "delete": ["vim::Literal", ["delete", "\u007F"]]
    }
  },
  {
    "context": "BufferSearchBar && !in_replace",
    "bindings": {
      "enter": "vim::SearchSubmit",
      "escape": "buffer_search::Dismiss"
    }
  },
  {
    "context": "VimControl || !Editor && !Terminal",
    "bindings": {
      // window related commands (ctrl-w X)
      "ctrl-w": null,
      "ctrl-w left": "workspace::ActivatePaneLeft",
      "ctrl-w right": "workspace::ActivatePaneRight",
      "ctrl-w up": "workspace::ActivatePaneUp",
      "ctrl-w down": "workspace::ActivatePaneDown",
      "ctrl-w ctrl-h": "workspace::ActivatePaneLeft",
      "ctrl-w ctrl-l": "workspace::ActivatePaneRight",
      "ctrl-w ctrl-k": "workspace::ActivatePaneUp",
      "ctrl-w ctrl-j": "workspace::ActivatePaneDown",
      "ctrl-w h": "workspace::ActivatePaneLeft",
      "ctrl-w l": "workspace::ActivatePaneRight",
      "ctrl-w k": "workspace::ActivatePaneUp",
      "ctrl-w j": "workspace::ActivatePaneDown",
      "ctrl-w shift-left": "workspace::SwapPaneLeft",
      "ctrl-w shift-right": "workspace::SwapPaneRight",
      "ctrl-w shift-up": "workspace::SwapPaneUp",
      "ctrl-w shift-down": "workspace::SwapPaneDown",
      "ctrl-w shift-h": "workspace::SwapPaneLeft",
      "ctrl-w shift-l": "workspace::SwapPaneRight",
      "ctrl-w shift-k": "workspace::SwapPaneUp",
      "ctrl-w shift-j": "workspace::SwapPaneDown",
      "ctrl-w >": "vim::ResizePaneRight",
      "ctrl-w <": "vim::ResizePaneLeft",
      "ctrl-w -": "vim::ResizePaneDown",
      "ctrl-w +": "vim::ResizePaneUp",
      "ctrl-w _": "vim::MaximizePane",
      "ctrl-w =": "vim::ResetPaneSizes",
      "ctrl-w g t": "pane::ActivateNextItem",
      "ctrl-w ctrl-g t": "pane::ActivateNextItem",
      "ctrl-w g shift-t": "pane::ActivatePreviousItem",
      "ctrl-w ctrl-g shift-t": "pane::ActivatePreviousItem",
      "ctrl-w w": "workspace::ActivateNextPane",
      "ctrl-w ctrl-w": "workspace::ActivateNextPane",
      "ctrl-w p": "workspace::ActivatePreviousPane",
      "ctrl-w ctrl-p": "workspace::ActivatePreviousPane",
      "ctrl-w shift-w": "workspace::ActivatePreviousPane",
      "ctrl-w ctrl-shift-w": "workspace::ActivatePreviousPane",
      "ctrl-w ctrl-v": "pane::SplitVertical",
      "ctrl-w v": "pane::SplitVertical",
      "ctrl-w shift-s": "pane::SplitHorizontal",
      "ctrl-w ctrl-s": "pane::SplitHorizontal",
      "ctrl-w s": "pane::SplitHorizontal",
      "ctrl-w ctrl-c": "pane::CloseActiveItem",
      "ctrl-w c": "pane::CloseActiveItem",
      "ctrl-w ctrl-q": "pane::CloseActiveItem",
      "ctrl-w q": "pane::CloseActiveItem",
      "ctrl-w ctrl-a": "pane::CloseAllItems",
      "ctrl-w a": "pane::CloseAllItems",
      "ctrl-w ctrl-o": "workspace::CloseInactiveTabsAndPanes",
      "ctrl-w o": "workspace::CloseInactiveTabsAndPanes",
      "ctrl-w ctrl-n": "workspace::NewFileSplitHorizontal",
      "ctrl-w n": "workspace::NewFileSplitHorizontal"
    }
  },
  {
    "context": "!Editor && !Terminal",
    "bindings": {
      ":": "command_palette::Toggle",
      "g /": "pane::DeploySearch"
    }
  },
  {
    // netrw compatibility
    "context": "ProjectPanel && not_editing",
    "bindings": {
      ":": "command_palette::Toggle",
      "%": "project_panel::NewFile",
      "/": "project_panel::NewSearchInDirectory",
      "d": "project_panel::NewDirectory",
      "enter": "project_panel::OpenPermanent",
      "escape": "project_panel::ToggleFocus",
      "h": "project_panel::CollapseSelectedEntry",
      "j": "menu::SelectNext",
      "k": "menu::SelectPrevious",
      "l": "project_panel::ExpandSelectedEntry",
      "o": "project_panel::OpenPermanent",
      "shift-d": "project_panel::Delete",
      "shift-r": "project_panel::Rename",
      "t": "project_panel::OpenPermanent",
      "v": "project_panel::OpenPermanent",
      "p": "project_panel::Open",
      "x": "project_panel::RevealInFileManager",
      "s": "project_panel::OpenWithSystem",
      "z d": "project_panel::CompareMarkedFiles",
      "] c": "project_panel::SelectNextGitEntry",
      "[ c": "project_panel::SelectPrevGitEntry",
      "] d": "project_panel::SelectNextDiagnostic",
      "[ d": "project_panel::SelectPrevDiagnostic",
      "}": "project_panel::SelectNextDirectory",
      "{": "project_panel::SelectPrevDirectory",
      "shift-g": "menu::SelectLast",
      "g g": "menu::SelectFirst",
      "-": "project_panel::SelectParent"
    }
  },
  {
    "context": "OutlinePanel && not_editing",
    "bindings": {
      "j": "menu::SelectNext",
      "k": "menu::SelectPrevious",
      "shift-g": "menu::SelectLast",
      "g g": "menu::SelectFirst"
    }
  },
  {
    "context": "GitPanel && ChangesList",
    "use_key_equivalents": true,
    "bindings": {
      "k": "menu::SelectPrevious",
      "j": "menu::SelectNext",
      "g g": "menu::SelectFirst",
      "shift-g": "menu::SelectLast",
      "g f": "menu::Confirm",
      "i": "git_panel::FocusEditor",
      "x": "git::ToggleStaged",
      "shift-x": "git::StageAll",
      "g x": "git::StageRange",
      "shift-u": "git::UnstageAll"
    }
  },
  {
    "context": "Editor && mode == auto_height && VimControl",
    "bindings": {
      // TODO: Implement search
      "/": null,
      "?": null,
      "#": null,
      "*": null,
      "n": null,
      "shift-n": null
    }
  },
  {
    "context": "Picker > Editor",
    "bindings": {
      "ctrl-h": "editor::Backspace",
      "ctrl-u": "editor::DeleteToBeginningOfLine",
      "ctrl-w": "editor::DeleteToPreviousWordStart"
    }
  },
  {
    "context": "GitCommit > Editor && VimControl && vim_mode == normal",
    "bindings": {
      "ctrl-c": "menu::Cancel",
      "escape": "menu::Cancel"
    }
  },
  {
    "context": "Editor && edit_prediction",
    "bindings": {
      // This is identical to the binding in the base keymap, but the vim bindings above to
      // "vim::Tab" shadow it, so it needs to be bound again.
      "tab": "editor::AcceptEditPrediction"
    }
  },
  {
    "context": "MessageEditor > Editor && VimControl",
    "bindings": {
      "enter": "agent::Chat"
    }
  },
  {
    "context": "os != macos && Editor && edit_prediction_conflict",
    "bindings": {
      // alt-l is provided as an alternative to tab/alt-tab. and will be displayed in the UI. This
      // is because alt-tab may not be available, as it is often used for window switching on Linux
      // and Windows.
      "alt-l": "editor::AcceptEditPrediction"
    }
  }
]
