<assembly xmlns="urn:schemas-microsoft-com:asm.v1" manifestVersion="1.0" xmlns:asmv3="urn:schemas-microsoft-com:asm.v3">
    <asmv3:application>
        <asmv3:windowsSettings>
            <dpiAware xmlns="http://schemas.microsoft.com/SMI/2005/WindowsSettings">true</dpiAware>
            <dpiAwareness xmlns="http://schemas.microsoft.com/SMI/2016/WindowsSettings">PerMonitorV2</dpiAwareness>
        </asmv3:windowsSettings>
    </asmv3:application>
    <dependency>
        <dependentAssembly>
            <assemblyIdentity type='win32'
                name='Microsoft.Windows.Common-Controls'
                version='6.0.0.0' processorArchitecture='*'
                publicKeyToken='6595b64144ccf1df' />
        </dependentAssembly>
    </dependency>
</assembly>
